longitude,latitude,timestamp,timezone
-79.75456291,34.16301915,20130112131218,1
-122.40555588,37.74678668,20130114191619,4
-83.4331807,38.18501748,20130117103154,1
-84.65023091,41.97693913,20130115124436,1
-95.9973105,47.8062757,20130112113944,2
-74.3338597,40.5758561,20130113205842,1
-83.64585481,41.37802571,20130113103422,1
-79.66754965,36.33556308,20130115091430,1
-84.59698305,45.01293336,20130116014009,1
-96.64799777,40.75617012,20130115200810,2
-91.9368322,33.1685772,20130112141059,2
-72.98653378,41.60154964,20130112115605,1
-92.4820501,42.72613196,20130115172031,2
-81.3687395,28.4811175,20130117122129,1
-84.12390503,33.74434225,20130114023104,1
-86.6887831,36.0182185,20130116020241,2
-87.89343931,41.55867776,20130113220803,2
-91.22136148,44.58340018,20130116225409,2
-117.9562667,34.0443243,20130113151313,4
-83.85784755,42.94866272,20130112005748,1
-72.79072309,41.53943817,20130116184703,1
-73.0563665,41.2226005,20130113165714,1
-83.90661439,40.6815675,20130118223345,1
-86.88882565,33.48324185,20130117152357,2
-108.1786678,36.7428139,20130116112443,3
-97.24015544,37.76822005,20130112193239,2
-96.40504717,42.46119087,20130115000437,2
-83.2158812,35.8679449,20130117210152,1
-80.89509725,34.97576256,20130118120237,1
-122.342791,37.955273,20130112230722,4
-97.49113208,35.01242355,20130115143602,2
-118.32078508,33.79941548,20130113224518,4
-70.89835,42.09415,20130117004245,1
-122.39430563,37.73577675,20130118222845,4
-79.87089129,39.6547816,20130118190522,1
-76.4258945,40.3445027,20130117135056,1
-95.4622405,29.823873,20130117200251,2
-87.64029671,41.91385675,20130115123927,2
-81.2766621,28.4775053,20130115175800,1
-99.86723388,28.51259525,20130116032026,2
-119.018687,35.320977,20130117191533,4
-86.2368847,39.8498336,20130116064356,1
-74.33944171,40.20963484,20130115192411,1
-77.102156,38.8808165,20130116105053,1
-81.9768132,34.8467879,20130117142035,1
-73.7427232,41.54216696,20130113221637,1
-118.448594,34.059864,20130114153611,4
-88.79812896,35.6873703,20130115060500,2
-118.210755,34.02093,20130118002140,4
-94.69773,37.34068,20130115233256,2
-117.36891998,33.95267651,20130114152930,4
-83.91174235,36.12099628,20130113231029,1
-94.74028332,31.23479321,20130116150431,2
-74.42263453,40.61194666,20130116224904,1
-96.79343192,46.87670343,20130112100318,2
-93.1379032,35.29397178,20130118234917,2
-89.3521021,43.242241,20130118150909,2
-71.5033376,42.3506572,20130115223528,1
-87.97720185,41.96477242,20130116083835,2
-84.985855,41.93505392,20130114203622,1
-80.18698883,26.17620468,20130113233323,1
-97.12333032,33.19017529,20130112222512,2
-111.96766917,40.5241531,20130112234018,3
-73.85890178,40.85627047,20130118141633,1
-77.5709075,37.64132273,20130117160550,1
-87.94787013,43.09392739,20130113081301,2
-80.73576864,32.17144698,20130112011308,1
-122.53825659,38.02594576,20130113130834,4
-74.24424531,40.18374231,20130116042311,1
-81.06283665,40.88734746,20130113212750,1
-118.34101327,34.09523338,20130115002329,4
-78.87541785,38.43967511,20130116090247,1
-95.367364,32.3575217,20130118201555,2
-122.6267616,38.9324348,20130116221511,4
-118.6029973,34.2293865,20130113154729,4
-83.856784,33.74414,20130114193458,1
-83.19140516,42.6493232,20130117085744,1
-78.96120341,35.2508438,20130114004844,1
-123.58997026,46.98662038,20130113230607,4
-90.68133706,38.77403563,20130113141325,2
-95.11798524,29.55234855,20130115152928,2
-104.99459343,39.74601199,20130115163804,3
-72.581156,42.1579467,20130113215313,1
-96.82037054,32.98444646,20130112195635,2
-84.1620748,43.5360595,20130115193358,1
-71.3596625,42.458627,20130113185700,1
-83.52644628,31.4832779,20130114093048,1
-75.05777829,39.89080695,20130117192511,1
-75.12032329,42.47306521,20130113182141,1
-77.31419097,38.69919759,20130117155713,1
-80.11560908,26.73092041,20130112192423,1
-83.46174788,36.02845722,20130115061633,1
-71.03715846,42.09726363,20130113073537,1
-80.27416811,26.09503871,20130112142049,1
-84.1486889,31.57750743,20130115132005,1
-76.91880589,38.64154306,20130116203628,1
-97.05265054,33.0048302,20130114195534,2
-84.19269845,31.5649381,20130115130726,1
-117.31450691,33.18195067,20130116230605,4
-86.01273375,39.83403261,20130118143124,1
-79.08712153,35.27410177,20130114000104,1
-87.7699371,41.70400252,20130113113634,2
-106.7398937,35.0497979,20130112000909,3
-118.21396943,33.94301392,20130117211450,4
-101.73074246,34.1902802,20130114221136,2
-105.27722777,40.01049201,20130117162113,3
-93.6008156,41.5970684,20130116074640,2
-76.88688691,38.94852009,20130114200959,1
-122.39879287,37.78729497,20130116105142,4
-71.0869975,42.3189147,20130118121410,1
-79.553884,40.236097,20130118110307,1
-74.88474486,40.18752388,20130114101502,1
-95.3565351,35.74833704,20130114084854,2
-81.6819073,38.35731955,20130116192157,1
-87.500164,37.336822,20130113011947,2
-84.18260384,34.04655647,20130112220028,1
-75.3412938,40.67764134,20130113112422,1
-81.13037987,40.96165986,20130114200954,1
-87.22358024,30.50695705,20130117005925,2
-84.06536614,39.78590246,20130117125816,1
-122.32840391,47.48641928,20130117171757,4
-74.14399048,40.80014704,20130116185129,1
-117.74352551,33.65035092,20130113163949,4
-83.6425608,41.37265898,20130113050852,1
-97.4338734,42.02439683,20130116223016,2
-74.1732827,40.9329828,20130114032132,1
-77.81695814,35.60737396,20130116230804,1
-81.27386875,28.76205012,20130113004158,1
-85.96323598,31.79833895,20130113210218,2
-74.28784817,39.99955421,20130117103734,1
-71.40646937,41.84096056,20130113193359,1
-96.54485682,41.61077123,20130114061545,2
-74.5266198,40.5172054,20130113101605,1
-74.4053954,40.6249093,20130114153214,1
-76.50284654,40.32798509,20130117170626,1
-84.7971748,33.37186506,20130113185839,1
-71.06245743,43.39609175,20130116090133,1
-92.9356871,44.8349032,20130117172439,2
-87.809592,41.97563993,20130117123910,2
-93.97427905,29.98515407,20130115123605,2
-88.02337471,43.00068677,20130114170453,2
-74.1753803,40.7770836,20130117200106,1
-81.52268962,40.76775647,20130117143845,1
-96.75205708,32.87619167,20130115100645,2
-121.58807516,38.68226864,20130115131410,4
-97.22695663,34.7272756,20130112155201,2
-86.23682252,41.92817654,20130118191906,1
-79.7593899,36.10385138,20130113140137,1
-83.02513809,42.46955184,20130114154918,1
-94.36356957,44.87536549,20130113164234,2
-78.96366118,33.7602584,20130115200850,1
-81.3586185,41.1450295,20130114214537,1
-84.2599583,39.81169711,20130112230118,1
-97.74805918,35.50634731,20130114144210,2
-122.7670264,45.2980024,20130114004536,4
-75.28399287,40.24099298,20130113124940,1
-98.5006329,34.7633449,20130112133239,2
-81.34046931,41.14757879,20130117113255,1
-86.6807365,32.5762265,20130115150150,2
-77.33656134,38.64912656,20130115233128,1
-71.13054785,42.25354927,20130117231404,1
-122.80301188,42.3372586,20130115181017,4
-122.328932,37.57116,20130116111043,4
-81.3416435,28.6024075,20130113191637,1
-81.2462791,37.2818619,20130112093825,1
-94.68739295,38.93004082,20130116091553,2
-90.6842467,40.46073406,20130113222457,2
-75.98659238,41.34825364,20130113215346,1
-85.30194873,31.2193863,20130114150446,2
-74.99691962,40.14732134,20130113165914,1
-95.6149074,39.0201388,20130116003035,2
-122.40366661,37.61334767,20130113132205,4
-97.5913492,30.4549922,20130115103833,2
-83.4335992,42.52327259,20130113150141,1
-90.1862659,38.6286351,20130116023218,2
-90.243462,38.653099,20130117002030,2
-86.60735536,46.40766137,20130115233519,1
-122.41026873,37.80046708,20130113184219,4
-86.97605375,34.77101735,20130114203135,2
-122.73278837,45.43894552,20130116213326,4
-77.01297018,40.15663422,20130114134050,1
-80.9188719,33.95752251,20130116141535,1
-80.31290163,25.92891173,20130117001351,1
-82.07868506,33.41242746,20130115193908,1
-85.7874356,39.78447854,20130112075251,1
-97.9675446,26.153609,20130115130326,2
-82.97569692,40.07559299,20130113060055,1
-87.67282395,41.96885576,20130114155213,2
-97.68991194,30.50706719,20130114192325,2
-75.9253005,40.3337675,20130115124140,1
-90.89116022,33.4109738,20130114004742,2
-115.238347,36.2328985,20130113085309,4
-83.68878314,42.24908679,20130116215625,1
-80.6573764,32.9032723,20130112180829,1
-91.5045421,31.57734671,20130112223227,2
-86.30393207,39.76326048,20130118171728,1
-96.40633443,32.75272213,20130116150943,2
-86.495998,34.8048895,20130116204710,2
-83.47431363,42.32209027,20130118193906,1
-78.95989723,34.81330958,20130118003101,1
-68.71811539,44.83262895,20130115100142,1
-84.93020515,35.03598974,20130117195322,1
-83.7356356,38.4257747,20130114174041,1
-88.79229147,35.60344754,20130118012316,2
-122.29121125,47.41472192,20130117003642,4
-117.5675205,33.8594315,20130118091219,4
-77.3001357,38.8106796,20130117063153,1
-81.4263715,41.442076,20130115203631,1
-86.64689608,33.64627261,20130113153307,2
-96.9014565,32.702728,20130117092238,2
-95.33206528,29.90280508,20130115172119,2
-117.0739952,32.7023523,20130116014054,4
-90.29381806,38.58683565,20130112112549,2
-88.74975172,41.93417016,20130113195044,2
-117.950613,33.91687246,20130118095250,4
-95.14477158,29.54099078,20130118181022,2
-82.113072,29.9390721,20130116180802,1
-81.59519722,28.25159352,20130117205530,1
-96.6901293,32.8057563,20130118085612,2
-83.60930309,42.95573181,20130117222759,1
-78.7541696,42.939354,20130118155801,1
-72.9738918,41.28597334,20130113231602,1
-96.82064965,32.76536199,20130112154055,2
-72.55974934,42.06617176,20130114092729,1
-90.62036075,35.86997144,20130113143016,2
-77.43929571,37.5411092,20130117075328,1
-87.08654507,41.59665018,20130115195122,2
-97.06497689,32.70058303,20130112105502,2
-88.301067,41.7597305,20130116005635,2
-113.06758872,37.67260813,20130114234557,3
-76.4051335,36.87084635,20130117235407,1
-122.69665311,45.25137599,20130117125703,4
-83.3216703,42.3406102,20130117232819,1
-123.07779128,44.04766247,20130117114536,4
-81.81116969,41.26449853,20130114173552,1
-122.45942789,47.1546563,20130112210039,4
-83.24470421,42.07154379,20130113235803,1
-87.7722555,41.7792927,20130114233931,2
-95.28100483,29.68784512,20130112200833,2
-105.28500491,39.6868201,20130112091915,3
-83.93588703,35.95072245,20130115174150,1
-83.29919981,42.49100814,20130116090517,1
-96.80711031,32.75188497,20130117102104,2
-90.2536284,32.325043,20130118172126,2
-83.74729897,40.28668737,20130118071550,1
-84.16561368,36.73828179,20130116231851,1
-87.5125526,33.19739982,20130114234517,2
-81.372226,35.2409276,20130115124020,1
-83.12174133,41.32004436,20130113171630,1
-80.1409812,32.9426823,20130118192425,1
-71.39900764,41.88443423,20130117165910,1
-90.3009905,38.726908,20130116224443,2
-121.6021763,37.0286523,20130116081848,4
-70.80867413,43.23287722,20130116064349,1
-94.81739139,38.74293204,20130117014548,2
-78.0702459,36.3555787,20130112000847,1
-93.832235,44.957122,20130117231435,2
-75.14435855,40.68323621,20130116103331,1
-84.30166162,39.34979071,20130115054450,1
-87.725662,41.9244077,20130117103657,2
-84.29041685,33.85833194,20130112182417,1
-87.8869828,41.1158046,20130112213515,2
-96.69438171,32.76261139,20130112133042,2
-93.73827333,36.40738781,20130114190208,2
-82.33399642,29.64456258,20130112023626,1
-97.3439585,37.7094235,20130117121046,2
-95.60560947,30.04864531,20130114124934,2
-97.82007711,30.08676973,20130116133647,2
-121.34270092,38.71153036,20130114022120,4
-77.01776587,38.92097829,20130115124926,1
-119.02095567,35.29548867,20130114012424,4
-80.3154595,25.68483487,20130116124749,1
-117.55452449,47.58177839,20130117133126,4
-87.5294512,41.7021185,20130116204910,2
-95.48053908,29.65659857,20130116192413,2
-78.522171,40.1111992,20130113105842,1
-78.30329369,36.09211558,20130115021624,1
-83.56252117,41.72076852,20130118233235,1
-73.87738712,42.75210305,20130114204305,1
-74.87379641,39.01728589,20130115140653,1
-78.82254747,35.65163166,20130116080459,1
-86.64097605,36.04098869,20130113014251,2
-92.1835498,32.5028543,20130113030423,2
-122.30497012,47.63714611,20130115155620,4
-74.0516035,40.0803781,20130114181201,1
-74.724323,40.07304,20130112202803,1
-105.07229922,39.92426816,20130114023217,3
-87.69969,41.94017,20130113233303,2
-81.53473621,28.38591371,20130118211513,1
-87.52258338,33.1934471,20130115135432,2
-122.09697485,47.92181897,20130117170053,4
-87.6053574,41.5928561,20130112124857,2
-97.94679732,29.5722417,20130113214155,2
-112.08203137,40.71173251,20130116185014,3
-117.7749938,34.0515483,20130118014813,4
-121.8174125,37.2968355,20130114080709,4
-77.1520021,38.7687056,20130114082604,1
-78.89880562,35.972826,20130116112805,1
-83.01838384,40.0874991,20130112155933,1
-76.98681973,42.12491606,20130114231525,1
-74.73650413,40.29516938,20130115184549,1
-84.22268003,33.71860009,20130114070812,1
-77.96252154,35.75268117,20130115151019,1
-93.5040916,31.5510908,20130117223925,2
-84.4230625,33.78100965,20130112170610,1
-104.67959372,38.6812288,20130113193315,3
-76.50048754,39.3645701,20130112123250,1
-95.255587,38.9734885,20130116120840,2
-76.54210441,37.16750933,20130118183242,1
-122.25150414,47.88131484,20130116231610,4
-117.82503446,33.78761385,20130112213135,4
-86.798304,33.499194,20130117004624,2
-84.62463192,33.56148067,20130116184137,1
-78.561937,35.84730087,20130118213040,1
-74.09426296,40.30271372,20130116014214,1
-84.61945871,39.00895659,20130112154439,1
-114.51114022,32.68572077,20130117143545,4
-94.151522,45.525509,20130115194045,2
-76.7338106,39.3031163,20130112192943,1
-80.08841668,26.3850029,20130114133323,1
-87.8381308,42.6670809,20130117030757,2
-82.5705262,28.0002068,20130114171123,1
-87.64753577,41.89259398,20130115215748,2
-84.39103284,33.51221295,20130114031613,1
-71.2050123,42.33171871,20130115212751,1
-82.37544284,39.51705119,20130115084352,1
-81.4406625,28.110598,20130114002835,1
-70.45861489,41.73511636,20130117124205,1
-117.909748,34.0292208,20130117233213,4
-87.731881,41.833527,20130114113731,2
-96.79985,32.787706,20130113030147,2
-94.464948,37.039324,20130115231034,2
-81.4730461,28.43427916,20130113222447,1
-74.05274391,40.28744831,20130118125136,1
-82.293876,27.9284815,20130114102908,1
-96.64112572,40.73765824,20130114184619,2
-82.2377478,34.9386801,20130117001930,1
-87.64640307,41.93187591,20130114120051,2
-75.7700405,42.746632,20130117100644,1
-121.89513373,39.07119203,20130117001559,4
-83.7685836,35.9763612,20130112183620,1
-93.26816362,42.52791624,20130115013301,2
-90.891345,33.41000894,20130115212523,2
-117.99034768,34.07586718,20130116115441,4
-115.23691585,36.10557258,20130113142443,4
-89.9953889,38.7748816,20130118165752,2
-75.28763,40.2140075,20130117122130,1
-85.38592039,38.7971531,20130114103727,1
-71.35222536,41.89979396,20130117120114,1
-95.17973235,29.99501371,20130117205814,2
-76.26859519,40.0752742,20130118232812,1
-115.12063474,36.02530294,20130116194217,4
-84.4946133,42.7308345,20130113181816,1
-74.68852118,40.2203822,20130112230153,1
-93.7717107,32.4704588,20130114012109,2
-88.182012,40.0897939,20130116201125,2
-73.54991547,41.05729109,20130112220623,1
-87.66107367,41.7255177,20130116192453,2
-89.26958042,39.56135398,20130112135501,2
-91.064778,31.7147755,20130116015701,2
-91.18392908,30.41702438,20130116075141,2
-96.33493837,30.59564845,20130113155553,2
-81.3695,28.35914,20130117191104,1
-74.1626035,40.7921055,20130116203842,1
-95.34576151,32.36376834,20130114085442,2
-121.69183583,36.67045925,20130118224249,4
-94.94422538,35.92919731,20130113231535,2
-115.17372994,36.12201468,20130112014508,4
-80.00458265,40.42666691,20130117100848,1
-95.78232282,36.05300088,20130116100525,2
-82.14310455,34.19630051,20130115162550,1
-120.4928958,46.5878803,20130114175811,4
-76.48375215,39.41245919,20130116000711,1
-77.93478699,39.45799459,20130114001014,1
-80.23085955,32.95019419,20130115050824,1
-81.3687395,28.4811175,20130113222938,1
-102.35094861,31.89093717,20130114130359,2
-78.9238804,34.97313657,20130117065210,1
-84.77963755,43.59037343,20130114094246,1
-77.20986092,39.1722411,20130115141251,1
-85.48116498,32.60593914,20130112215122,2
-81.9427125,26.587045,20130115021802,1
-89.8490396,35.1621372,20130114073553,2
-117.72044218,34.01003918,20130116234528,4
-94.8379083,39.7730379,20130112235737,2
-114.46822249,32.66499662,20130114164151,4
-87.25980718,41.55219689,20130112193711,2
-70.5663705,41.58073897,20130116132923,1
-119.324809,36.6208949,20130114210707,4
-76.26097868,36.82555145,20130114083225,1
-97.49388663,37.68195673,20130116163443,2
-97.05186152,33.00976546,20130117234207,2
-85.53280955,39.79209473,20130113201622,1
-121.55455287,38.59123124,20130117105222,4
-86.9723716,33.3681277,20130117195332,2
-88.06034735,41.54725931,20130114160241,2
-78.49210661,38.54953951,20130113113121,1
-117.00389992,34.87879337,20130116201510,4
-82.5599367,37.3257084,20130117195412,1
-80.1401415,25.8102415,20130118201052,1
-109.3555302,45.6447629,20130112190943,3
-111.91573024,40.67509201,20130116180026,3
-76.87851316,38.61022807,20130115230125,1
-81.104066,35.256074,20130112122616,1
-118.210755,34.02093,20130116011717,4
-82.26595558,26.94327524,20130117195306,1
-94.1981728,30.3897083,20130112173138,2
-84.30599184,33.65357685,20130112151246,1
-96.83277833,33.02964485,20130114140956,2
-121.37909948,38.70442084,20130114032211,4
-76.20511961,36.91562185,20130117145358,1
-93.81806628,32.48651446,20130112083301,2
-77.02202029,39.00007429,20130115213550,1
-86.0701325,40.75876,20130116084204,1
-87.50597821,36.84156671,20130117143353,2
-98.4122157,29.5498896,20130118210837,2
-95.3582886,29.6993037,20130117151204,2
-74.0048679,42.1726564,20130116223727,1
-77.43687146,39.44371062,20130113071652,1
-82.5594924,27.4896766,20130115191034,1
-92.08552457,32.47126602,20130118013957,2
-79.20397184,38.2091504,20130118213152,1
-76.04474109,41.66499366,20130113175919,1
-74.08698223,40.89420402,20130114225304,1
-95.51029,30.1648415,20130115140739,2
-91.18494021,30.422414,20130118232702,2
-96.7315425,32.8206645,20130116031649,2
-77.9804417,39.5312858,20130116193959,1
-77.02134286,40.11917843,20130116172517,1
-75.10951496,39.99479119,20130115090133,1
-87.5711359,33.20915768,20130115214200,2
-96.94193412,32.62322206,20130114235954,2
-83.3714595,42.4922487,20130114085216,1
-98.4522731,29.4389857,20130113044749,2
-78.708262,35.815523,20130115153949,1
-115.3250473,36.2278808,20130117131636,4
-94.32976328,35.32831556,20130113230209,2
-121.40406288,38.47210135,20130113032604,4
-92.65111,32.52013,20130114001627,2
-74.0946311,41.59976286,20130113184832,1
-80.00193183,40.43917373,20130114125029,1
-118.03489017,33.97406101,20130117191858,4
-71.00180151,42.2454277,20130112102609,1
-83.099205,42.352711,20130113184854,1
-85.98663568,41.70447382,20130117161556,1
-84.3108134,33.7169015,20130115053621,1
-80.74686082,41.74595108,20130113032302,1
-97.28781218,32.59786906,20130113085307,2
-74.18680478,40.54872863,20130112201315,1
-74.13060073,39.95800441,20130113112613,1
-118.36059422,33.93368865,20130116222330,4
-77.88792202,40.81118974,20130115221814,1
-121.38277309,38.41855051,20130113215912,4
-122.1371985,37.368599,20130114210859,4
-87.97728265,42.89593515,20130116091250,2
-95.90124917,33.24130305,20130113220241,2
-83.23013546,33.08715235,20130115191220,1
-96.82218357,32.95367327,20130118234640,2
-81.2388307,32.7533997,20130115180307,1
-96.82286931,32.94186982,20130115154535,2
-86.78837718,33.48867971,20130117080359,2
-77.02797898,38.99659186,20130114115013,1
-118.3004678,34.05916487,20130118105525,4
-112.1524127,33.5426552,20130118184751,4
-85.57624267,42.86621737,20130112204409,1
-76.77537172,42.4921214,20130112215541,1
-87.60574008,41.82481902,20130113175715,2
-74.3108235,40.5411415,20130114222152,1
-83.1526145,42.666743,20130116122431,1
-117.3217385,34.12200072,20130112130638,4
-88.31324525,44.29050106,20130112211833,2
-75.01319536,39.72963567,20130116181829,1
-121.87869411,37.38323484,20130112221157,4
-87.5231709,44.5980096,20130113220835,2
-71.12516775,42.42130047,20130113172745,1
-81.07410205,29.24596773,20130112204123,1
-74.17053331,40.80324873,20130113114430,1
-98.29989842,29.15535372,20130115001551,2
-96.23235342,41.14281761,20130115140756,2
-98.18037221,26.31183932,20130115011503,2
-77.45109913,37.5478327,20130114084950,1
-117.16076564,46.73489993,20130118002240,4
-97.98941457,26.1711476,20130112115808,2
-118.1836338,33.80047512,20130112182757,4
-77.05042679,38.90176492,20130113034951,1
-85.6132615,42.9102099,20130116201826,1
-110.81930847,32.24761196,20130117221217,4
-74.2443287,40.7257342,20130114165944,1
-71.06117643,42.36594566,20130114191827,1
-117.00842749,46.72818189,20130113005654,4
-95.51403629,29.72958624,20130113075157,2
-80.2296743,26.0177048,20130118192002,1
-80.242592,40.1764085,20130118200741,1
-87.6284657,41.8753458,20130116143741,2
-95.41634855,29.05244085,20130118202636,2
-76.41836156,43.08073848,20130117181628,1
-87.62948614,34.82374786,20130117211711,2
-74.47710693,40.892339,20130118111514,1
-104.756755,38.87521,20130115102007,3
-81.440838,41.1692645,20130117090414,1
-121.4374775,37.7099127,20130112021011,4
-118.25760305,34.15322418,20130116181321,4
-82.09494685,39.3296517,20130118122148,1
-97.914315,29.903551,20130114115830,2
-96.40416311,30.16002249,20130114001547,2
-119.74352706,39.43086692,20130116004654,4
-81.25635266,40.84510803,20130118201755,1
-89.28361007,43.1401802,20130114213821,2
-83.61002694,39.91819387,20130117203003,1
-118.3541955,34.097341,20130116113632,4
-88.0632667,41.5396046,20130115152046,2
-71.07151113,42.29761982,20130114053651,1
-90.56845194,33.43364512,20130113110717,2
-76.686883,39.2856886,20130112154605,1
-95.12379918,44.54302196,20130116180934,2
-78.61340052,35.83761848,20130116092843,1
-76.73544293,34.7414522,20130113105457,1
-87.21572319,36.13144232,20130114230738,2
-74.81122032,40.04476767,20130116063041,1
-118.243685,34.052234,20130118124106,4
-81.69837627,41.27968302,20130114221232,1
-76.858347,39.192315,20130112050539,1
-122.394098,37.7730225,20130118191038,4
-78.99275563,34.99437239,20130113210131,1
-73.86738855,40.86446858,20130114074745,1
-88.133209,42.8865375,20130112194430,2
-88.76665081,41.93554887,20130115131418,2
-87.999478,43.1241705,20130115212742,2
-78.86336187,42.87907543,20130116105604,1
-96.596768,32.7666645,20130112125052,2
-90.2820452,38.5180905,20130116231722,2
-80.35224211,41.00509089,20130115143321,1
-77.4190678,37.330517,20130118090545,1
-77.45580535,34.71606423,20130114213901,1
-91.7116827,41.978456,20130116023124,2
-122.14682926,47.59256677,20130115194421,4
-77.02112543,38.88793973,20130113123427,1
-79.44609701,34.93341521,20130114060642,1
-91.21178557,43.76907163,20130118170125,2
-90.48203684,37.84208527,20130117183148,2
-89.9401833,38.77019401,20130115014652,2
-87.75299927,41.93438069,20130116191157,2
-77.3257065,37.5531335,20130118082709,1
-82.94663971,42.49351666,20130112082840,1
-96.3422035,42.4436267,20130112130240,2
-80.76445007,35.18474579,20130118110557,1
-75.14525966,39.9919752,20130118123600,1
-78.8198805,42.8423161,20130116122232,1
-75.73338306,41.53981685,20130113144241,1
-81.57929365,28.40477774,20130114204437,1
-74.59186248,40.8657113,20130112224128,1
-95.69040363,29.51612045,20130117142900,2
-72.9523307,41.3113423,20130116223345,1
-74.880074,39.9825268,20130112122829,1
-81.48741132,41.4583256,20130118105958,1
-117.84505439,33.8523967,20130114231842,4
-86.256527,43.23654,20130114200412,1
-95.8684155,32.206728,20130113042432,2
-71.4211805,41.8169925,20130112213109,1
-91.13661917,38.79915346,20130118210647,2
-74.41576828,40.63233816,20130117000834,1
-96.34990979,30.59046456,20130115135712,2
-98.6809164,27.29745671,20130118213809,2
-96.61819197,32.87289153,20130115091028,2
-86.5222138,32.0059089,20130116191332,2
-76.7366966,38.9834086,20130116062937,1
-95.6329447,29.69738506,20130114134538,2
-81.7024057,41.4555224,20130118104326,1
-97.38778977,27.71243313,20130115192311,2
-117.792,33.8582,20130113210700,4
-95.4622405,29.823873,20130113142249,2
-82.94592146,42.42092174,20130113044127,1
-104.93543398,40.14915543,20130112232419,3
-93.83593868,32.380609,20130114163236,2
-91.17422631,30.39144409,20130115165341,2
-88.64673832,36.73977907,20130114170710,2
-81.46996681,28.40162108,20130118164401,1
-84.36480828,33.96126323,20130112062352,1
-84.70721547,34.00827389,20130113155638,1
-98.5334089,33.8739283,20130113210723,2
-84.63266841,33.79946642,20130117174418,1
-87.5578218,33.125075,20130114143818,2
-118.22825071,34.64322099,20130115131035,4
-122.076954,37.953827,20130117172711,4
-83.15017462,41.31907528,20130118223841,1
-115.16550592,36.12933846,20130114235411,4
-73.9460298,41.11260646,20130116045830,1
-85.26544436,41.03749413,20130113203849,1
-97.9130847,29.8940896,20130118024751,2
-82.45609955,28.00241581,20130118145418,1
-80.52997265,35.65306507,20130116210605,1
-83.97103024,33.59874671,20130113190629,1
-122.72977945,47.503398,20130116020123,4
-83.95270136,38.04603597,20130117215231,1
-78.340928,35.5150774,20130114232429,1
-86.785177,36.1866405,20130114174501,2
-84.23590423,33.9062741,20130118102309,1
-96.3742425,32.9381007,20130118141354,2
-83.86910898,33.61435378,20130114202029,1
-81.42790204,28.32694031,20130113211850,1
-119.7597371,36.7554731,20130113160955,4
-82.6693795,40.3652775,20130116213800,1
-79.390652,34.41295,20130116193230,1
-84.225304,39.1737175,20130118170343,1
-119.68664153,36.81537865,20130118114643,4
-84.50401124,38.03918967,20130114154803,1
-82.94279478,40.06401777,20130112224902,1
-83.14519342,31.19250423,20130116205646,1
-81.35892933,41.69470828,20130115195719,1
-82.8551039,36.9963447,20130113234628,1
-95.41163321,35.75576202,20130112101711,2
-78.8991257,35.9775683,20130116011012,1
-81.57326574,28.33667316,20130118225651,1
-79.9648022,40.4323894,20130115171302,1
-77.60789394,43.13221556,20130116124349,1
-86.52916036,35.98381222,20130117204814,2
-121.3066285,38.5994342,20130115115538,4
-77.08524942,38.84278282,20130117074521,1
-83.56915598,32.52772203,20130112205658,1
-73.85300879,40.86845724,20130117012343,1
-82.4269194,38.4137581,20130117203313,1
-84.67087056,43.38194317,20130114161726,1
-122.31101037,47.25859995,20130113122029,4
-87.98776091,43.11970719,20130117194024,2
-90.243462,38.653099,20130113162748,2
-90.20760683,38.65953165,20130112232715,2
-118.0051974,33.9051876,20130113220034,4
-81.40123515,28.44932937,20130118150527,1
-77.45213002,37.56415629,20130118231100,1
-83.50294148,42.2765215,20130113115819,1
-93.04589366,44.88273918,20130116140834,2
-95.1441488,31.7931744,20130113133459,2
-79.74227139,40.41761807,20130115230218,1
-81.6486245,41.3990206,20130114202446,1
-82.10762663,39.31406222,20130117134559,1
-86.9729488,33.4794956,20130117221739,2
-80.76188366,41.05102021,20130112074814,1
-78.50730896,38.04914761,20130114123133,1
-96.93314626,31.48396021,20130118180259,2
-76.46087,38.2538587,20130112094424,1
-96.7521486,33.0275633,20130114115453,2
-78.978477,42.6437452,20130118063656,1
-82.31878897,34.22699603,20130114175709,1
-122.06571349,39.0220371,20130113190852,4
-84.51644878,38.04610342,20130116194458,1
-90.67682351,38.81774015,20130116214642,2
-111.7077493,33.2948296,20130115155401,4
-77.26918108,39.76577063,20130112200425,1
-93.23575929,45.02634564,20130118200008,2
-76.84796261,39.23271275,20130112092808,1
-77.20228404,38.86258972,20130113193347,1
-77.37187363,37.48774711,20130116070130,1
-78.87870915,42.92511008,20130113114248,1
-121.8906726,37.3291318,20130118182910,4
-80.7853955,32.4609355,20130117210723,1
-82.9774085,39.982974,20130113180855,1
-86.1121952,41.985807,20130115075127,1
-121.19184317,37.81235127,20130114040811,4
-83.5361718,41.6842838,20130113020543,1
-122.282014,47.544386,20130116232627,4
-84.37119582,33.78247838,20130112131537,1
-121.93004472,38.27664467,20130112202516,4
-121.49878,38.6392824,20130114130319,4
-116.6923521,35.2612017,20130116012832,4
-81.51060831,30.31082236,20130117214400,1
-73.74332135,41.34078747,20130114231040,1
-84.76695401,43.58369551,20130117225351,1
-111.5690568,33.20265288,20130113124445,4
-77.04338109,39.04194731,20130116182846,1
-93.62728145,41.60979948,20130117131215,2
-117.09861699,32.6919936,20130115010649,4
-84.6480907,33.8391444,20130117161320,1
-121.29235977,38.8059541,20130115105616,4
-73.80786531,42.7007132,20130114163210,1
-85.77710867,38.1382817,20130118145708,1
-82.93768465,42.4848175,20130118234351,1
-76.43396549,39.41117106,20130114134825,1
-92.89290827,44.73722055,20130113154022,2
-122.24298594,37.49746369,20130115112429,4
-81.50613804,28.57348393,20130115163324,1
-90.163247,35.8854435,20130118012708,2
-83.600815,32.5740301,20130116202311,1
-84.2737036,33.6056832,20130114234038,1
-74.47837911,40.49219417,20130118232710,1
-111.81799319,41.74673141,20130118145437,3
-81.77771032,30.29801125,20130118010541,1
-122.703541,38.436327,20130112104523,4
-92.32840318,42.43068902,20130114075705,2
-90.2250905,39.7321351,20130113024956,2
-119.14229673,35.40942725,20130113233343,4
-98.97736447,31.71104937,20130116105405,2
-95.4622405,29.823873,20130118015641,2
-80.28375563,25.7144669,20130117091451,1
-122.9873469,44.9511423,20130116132951,4
-98.50881294,29.35145487,20130118033340,2
-75.14498476,39.95625787,20130116172856,1
-91.1704195,30.4456678,20130112121601,2
-96.8972974,46.8862448,20130115211939,2
-83.68899821,42.25559592,20130118154117,1
-91.83631134,30.31669044,20130112143450,2
-84.4461182,42.7921667,20130115152139,1
-88.05369593,41.97281762,20130116201415,2
-122.43358287,37.64507209,20130116095302,4
-118.3426364,34.09620404,20130118105631,4
-97.46901552,35.65665949,20130117122927,2
-84.37657095,33.85231026,20130112161810,1
-84.5952615,39.2087498,20130114162432,1
-86.67028243,33.65296656,20130115165315,2
-89.8764485,32.5710975,20130114075033,2
-70.91351749,41.89887868,20130116183952,1
-102.06135325,31.98292073,20130117173947,2
-87.63011429,41.88369686,20130118140035,2
-121.3825199,38.44171937,20130112203652,4
-82.6541141,27.7575627,20130112001932,1
-88.09377147,30.70703101,20130115142956,2
-83.59565979,41.68872624,20130116143524,1
-84.45605,39.15934,20130112142034,1
-94.62575817,31.62712622,20130117234912,2
-95.12783698,43.9151363,20130118122559,2
-90.08634746,29.94445595,20130118193344,2
-85.77632918,42.96413872,20130113115725,1
-90.81466571,36.6155475,20130116221840,2
-83.7934104,38.6255216,20130115134737,1
-94.95513697,29.3720982,20130113184319,2
-94.09578155,33.3803719,20130114153414,2
-83.63944068,41.37169892,20130118195512,1
-118.4140463,34.2154789,20130117022830,4
-90.5889795,41.541086,20130113195552,2
-83.0914339,40.5949957,20130116111905,1
-71.09549473,42.28014333,20130118213539,1
-84.73249841,39.48942646,20130116103451,1
-74.724323,40.07304,20130118151926,1
-104.93378168,39.51872317,20130115230031,3
-84.69498398,43.3941224,20130116023102,1
-97.31332844,33.02591024,20130117103013,2
-84.55283051,34.31920931,20130115084332,1
-85.5952291,32.4664223,20130117222449,2
-122.0640493,38.2501716,20130112232244,4
-80.08409212,26.54203912,20130114131505,1
-82.9342627,42.4044006,20130113160324,1
-84.3590219,33.6260965,20130118114018,1
-95.4354269,29.035992,20130117213124,2
-121.82946782,37.23478619,20130114122618,4
-83.15258022,40.57892364,20130115175159,1
-115.28110742,36.11444087,20130112143830,4
-92.65162035,32.52952343,20130114204141,2
-99.3087536,38.5346156,20130115170455,2
-104.99459343,39.74601199,20130117064318,3
-77.00940207,38.98564075,20130114172352,1
-84.21787402,32.05830002,20130113232410,1
-84.92660544,33.71958435,20130116073726,1
-84.64900452,35.39083692,20130113180341,1
-100.97351312,39.39499201,20130112032639,2
-97.73283057,30.31590532,20130114180910,2
-83.76223652,32.87847033,20130117102159,1
-81.57660834,41.03568653,20130114071217,1
-81.45822607,31.2255084,20130117210001,1
-122.77847908,47.09353501,20130113054418,4
-94.33874069,29.82673242,20130116230426,2
-76.1342664,43.06537409,20130118103526,1
-83.63265177,41.37510661,20130113151612,1
-85.6234568,42.28154599,20130116203319,1
-96.4718901,35.824193,20130118031408,2
-86.15788696,35.60165692,20130113001129,2
-78.90548594,38.07919805,20130117164648,1
-87.78044413,43.62295771,20130117150926,2
-85.96074652,31.79882096,20130112231755,2
-71.45284251,41.83304808,20130117234117,1
-80.1360093,39.3644192,20130113192608,1
-121.518363,38.5912267,20130113155626,4
-92.711375,32.5230591,20130112193640,2
-77.45891953,37.64010702,20130117214148,1
-81.46673246,28.45777218,20130117213036,1
-72.27808,43.70972,20130117231305,1
-121.28501129,37.82638168,20130114090509,4
-81.8195132,39.6119117,20130117115213,1
-97.45788057,37.74189639,20130117174903,2
-81.2629702,28.187616,20130118173152,1
-97.83833504,30.55108539,20130112072821,2
-97.09893354,31.59846385,20130114002524,2
-89.57690859,40.71240296,20130115124335,2
-77.18029,42.22084,20130116094339,1
-76.49423204,39.38077773,20130116183926,1
-122.805483,45.4845865,20130118231054,4
-111.8307461,40.68890783,20130114022916,3
-113.54541,33.892159,20130114042528,4
-84.46561918,39.29047875,20130112065904,1
-84.04825934,33.62595471,20130118080751,1
-79.3862586,36.61058424,20130112132110,1
-96.15467367,41.32802661,20130117142628,2
-117.25917109,33.16610762,20130112231541,4
-76.25168,39.4517286,20130112175041,1
-87.64942818,45.10059184,20130112192844,2
-78.98657897,43.11964739,20130115001108,1
-81.78564688,32.41692703,20130118110357,1
-78.96987291,38.37836707,20130115165824,1
-81.5385359,41.1439212,20130112232032,1
-83.39161709,42.32242889,20130113225410,1
-81.31630979,29.79298753,20130114163401,1
-84.55353,39.3354359,20130116083245,1
-117.07352409,32.6880889,20130117081758,4
-80.4702276,35.6604973,20130116014722,1
-81.9543259,26.61984231,20130116055650,1
-78.78334307,43.00911866,20130118155301,1
-85.18031876,35.25839238,20130117151012,1
-98.60672569,29.5270068,20130114001701,2
-122.30784625,47.28176617,20130118124925,4
-118.3199744,34.2590803,20130113193249,4
-117.64441273,33.58863967,20130113144241,4
-119.79288578,36.77105808,20130115230542,4
-118.36956617,34.04278897,20130118142037,4
-75.5979624,38.3540839,20130114170735,1
-87.90618946,41.62069242,20130113230006,2
-90.02604182,36.25900445,20130116214929,2
-74.1486274,40.903533,20130118211001,1
-117.57041892,33.89513705,20130116004702,4
-96.00583308,30.07824189,20130113081035,2
-71.06473234,42.35258678,20130116172713,1
-84.08945404,40.65116131,20130117023306,1
-87.61408112,40.13427411,20130114114639,2
-97.5280688,35.5252363,20130117161208,2
-80.19433737,25.88517308,20130113170659,1
-89.0680595,42.2529245,20130115122815,2
-80.70995712,35.34734154,20130114201405,1
-88.025534,43.0676115,20130112110418,2
-98.4843588,29.5568606,20130115213212,2
-97.84020524,30.55723958,20130114212617,2
-84.30684499,30.46179661,20130114214545,1
-74.2134876,40.747765,20130113200823,1
-122.43692097,47.17451123,20130116142931,4
-78.7925048,35.60779188,20130115192644,1
-74.5973588,39.31623506,20130115164152,1
-80.7622327,35.1075827,20130112140656,1
-93.73588641,32.47304245,20130117214728,2
-87.51151012,36.8386472,20130116230257,2
-74.01361111,40.175,20130112195931,1
-71.44929607,41.84913838,20130114220959,1
-80.8360645,35.203533,20130114163958,1
-88.77981294,41.93657994,20130117225833,2
-96.89422971,32.73768541,20130114222113,2
-74.24179062,40.69464774,20130112232624,1
-117.91561068,33.81391313,20130118115457,4
-122.27432251,47.15918368,20130116141211,4
-121.3055548,38.86433429,20130113120955,4
-75.23121492,38.54511623,20130112222334,1
-119.62080078,43.78888229,20130114085732,4
-93.88445105,44.88991407,20130115212105,2
-93.1411235,44.94653325,20130114175039,2
-71.48942423,41.68760774,20130114230933,1
-98.79902844,29.42877736,20130113111527,2
-97.8957472,32.7363664,20130117213213,2
-93.23288547,37.2563689,20130115010013,2
-81.04066482,33.99180578,20130118092029,1
-96.35922829,36.39902071,20130118010257,2
-118.10509886,33.98512347,20130112011740,4
-84.1394105,39.1197261,20130112172332,1
-85.5502875,38.2990179,20130116140439,1
-74.20547929,40.7664676,20130114191817,1
-118.19123773,33.81496518,20130115015203,4
-85.5971485,42.274158,20130115151146,1
-118.52332103,34.42428886,20130114233643,4
-77.05860129,38.72618913,20130115135936,1
-74.81731394,39.01373308,20130117230458,1
-87.88651017,41.85072016,20130113160815,2
-117.6125897,34.1045603,20130116163307,4
-75.49367378,40.32799324,20130115173642,1
-84.1154279,33.9037031,20130112091529,1
-108.73660396,35.5039959,20130113123308,3
-81.72041177,36.20479689,20130113212659,1
-75.7700405,42.746632,20130115005316,1
-78.94781272,35.21091285,20130115165411,1
-92.7354756,32.5339095,20130112051255,2
-80.37644519,25.73801846,20130115202947,1
-78.78246125,35.09243265,20130117225940,1
-88.88825605,35.75347971,20130112154545,2
-88.0869914,42.9581182,20130118000316,2
-115.085361,36.260362,20130118000853,4
-93.5663687,41.3626311,20130116222717,2
-75.54736889,39.93490457,20130117100531,1
-105.26597282,40.00723983,20130117202151,3
-121.43707322,38.43328335,20130113145621,4
-97.07457735,32.65141605,20130118142508,2
-74.96022818,40.16120705,20130115233601,1
-89.621602,40.7480115,20130118130455,2
-117.6753787,33.61996391,20130116163454,4
-117.47336494,34.08427942,20130116173043,4
-97.15926647,32.81982064,20130112110428,2
-77.82016309,35.95190698,20130115054945,1
-77.42669228,37.29824531,20130116204334,1
-82.98754438,39.96835575,20130118102807,1
-121.84492366,37.21812232,20130116101012,4
-118.131809,34.184471,20130117211033,4
-85.70983718,32.43242024,20130116180415,2
-91.71558527,41.977623,20130118120942,2
-72.940969,41.6813875,20130112212254,1
-95.254492,29.5443021,20130117224143,2
-118.210755,34.02093,20130115192555,4
-84.01815589,43.45656189,20130114063313,1
-81.0031704,41.1730823,20130113201046,1
-86.51232221,39.18143392,20130118172020,1
-112.19740682,33.58416302,20130115193757,4
-87.81728486,42.69652694,20130117235514,2
-77.4156165,37.2375221,20130114110624,1
-79.78424201,34.19906574,20130112093302,1
-118.29413474,33.79276514,20130115234041,4
-88.62420567,37.0475324,20130118211608,2
-73.9428317,42.78381627,20130114173035,1
-73.2797878,42.45088676,20130112110051,1
-119.17167088,36.28923998,20130116221321,4
-86.9618,33.3483,20130113232534,2
-79.420925,38.0033855,20130118180433,1
-80.86154038,35.17368059,20130117210755,1
-117.0537026,32.6585699,20130114215250,4
-115.17807841,36.11929559,20130118151033,4
-83.5361717,41.684284,20130113051704,1
-74.58934398,40.17247733,20130114075949,1
-91.4625356,44.7972818,20130118105013,2
-79.7462826,40.31010307,20130113085126,1
-121.96324193,38.32465635,20130118084002,4
-122.5233891,45.62615836,20130115234153,4
-122.65637115,45.5342829,20130112163452,4
-74.722678,39.4529105,20130116232442,1
-96.38835694,36.40869069,20130115234029,2
-78.9007062,35.74194652,20130113081815,1
-100.0768425,31.168934,20130115112413,2
-74.03485324,40.22147134,20130116201424,1
-77.20697879,39.1704011,20130118175005,1
-91.67463505,41.29260421,20130117154947,2
-78.10270711,39.2494608,20130116183141,1
-82.83434752,38.73952823,20130118232026,1
-123.0537309,44.7041043,20130114172155,4
-77.64035131,43.1938685,20130113150254,1
-81.20216814,28.60341028,20130114141135,1
-117.26390982,33.0673439,20130113134800,4
-86.785177,36.1866405,20130113190324,2
-90.12167747,29.73449153,20130117213247,2
-82.18347782,34.79033366,20130118202448,1
-86.53185312,39.19155367,20130118233415,1
-119.169541,34.23656,20130112173745,4
-116.26148914,33.67151034,20130113001236,4
-80.8282136,35.10619801,20130118201515,1
-97.4297502,27.7394596,20130118091135,2
-76.3659285,39.5472515,20130116171316,1
-90.15548113,38.61396615,20130118231440,2
-81.83229969,38.433036,20130117183626,1
-117.52984188,33.87443679,20130112172210,4
-75.13052181,39.980699,20130117020828,1
-119.91312146,46.26098692,20130116012700,4
-76.5109848,39.0511721,20130113183645,1
-112.03841939,46.58006395,20130112151334,3
-87.676007,42.051807,20130116153449,2
-76.94604572,40.30502281,20130116024508,1
-122.2458251,47.5067237,20130115141403,4
-83.22727029,40.27359397,20130113214948,1
-73.78333935,40.91052358,20130118184622,1
-77.20604269,39.09382643,20130113054344,1
-74.22495305,40.75240125,20130118212405,1
-117.108977,32.8246315,20130113193439,4
-123.2316911,45.20955336,20130112133201,4
-82.04568821,35.04920177,20130115090817,1
-118.31697144,34.10597092,20130114011654,4
-75.3596099,38.4178865,20130117231018,1
-95.638426,29.5862325,20130114062620,2
-84.39344189,40.83849299,20130118103355,1
-85.3760508,32.5476738,20130118173028,2
-97.11365766,32.73162925,20130118114659,2
-123.07168658,44.04406914,20130115014732,4
-83.78545473,34.28454636,20130113004727,1
-101.7980365,35.201983,20130115053755,2
-115.180464,36.18932573,20130113231853,4
-89.797769,35.421262,20130116233527,2
-87.58721542,41.74793243,20130113124605,2
-85.68668621,34.17213628,20130115090356,2
-116.98164579,32.65047984,20130113030120,4
-77.37008667,40.5383606,20130112175258,1
-80.25460753,40.19439201,20130115174330,1
-111.846862,33.4114627,20130116225219,4
-77.04538671,38.90351663,20130113200703,1
-95.84991206,41.21536718,20130114233729,2
-80.0058491,39.3481224,20130113170654,1
-97.4073631,27.6837871,20130118201141,2
-82.63531186,28.08688778,20130116225430,1
-80.31013334,25.91468524,20130113175710,1
-75.9853021,36.84641195,20130115235440,1
-81.0321189,40.9199039,20130112163816,1
-80.51253092,37.23167792,20130117084457,1
-74.98996524,39.73088618,20130118054144,1
-87.74552822,42.05400887,20130112150228,2
-98.53606582,29.36714709,20130115025436,2
-117.65636725,34.04147834,20130116012713,4
-122.90163,47.03151,20130112213906,4
-84.36302843,39.50962741,20130117195504,1
-118.3121585,33.9307559,20130116211202,4
-94.98467427,29.49999697,20130116002750,2
-85.54843074,42.3109089,20130113171436,1
-85.60126204,38.15002856,20130118012403,1
-119.82037597,39.53949032,20130113233326,4
-119.76493243,36.86098598,20130114163852,4
-93.86044022,41.59142577,20130115211825,2
-73.78235185,41.29031085,20130113203649,1
